标题,来源,下载方式,链接
2024更新—2021 NICE指南：新生儿感染的抗生素预防和治疗（NG.195）,英国国家卫生与临床优化研究所 ,有其他版本第三方数据库下载,https://guide.medlive.cn/guideline/31361
2024 USPSTF建议声明：预防儿童虐待的初级保健干预措施,美国预防医学工作组,第三方数据库下载,https://guide.medlive.cn/guideline/31366
2024 NICE指南：脑膜炎（细菌性）和脑膜炎球菌病的识别、诊断和管理（NG.240）,英国国家卫生与临床优化研究所 ,第三方数据库下载,https://guide.medlive.cn/guideline/31362
NCCN临床实践指南：霍奇金淋巴瘤（2024.V3）,美国国家综合癌症网络,站内免费下载,https://guide.medlive.cn/guideline/31346
2024 HFSA科学声明：心力衰竭中的认知障碍,美国心衰学会,第三方数据库下载,https://guide.medlive.cn/guideline/31348
2023 EULAR建议：银屑病关节炎的药物治疗（更新版）,欧洲抗风湿病联盟,有其他版本站内免费下载,https://guide.medlive.cn/guideline/31358
2024 欧洲专家共识建议：静脉血栓栓塞患者直接口服抗凝剂的初级保健,国外心血管相关专家小组（统称）,站内免费下载,https://guide.medlive.cn/guideline/31359
复发性口腔溃疡中医诊疗专家共识意见（2023）,中华中医药学会脾胃病分会,站内免费下载,https://guide.medlive.cn/guideline/31345
2024 SIGENP临床实践指南：儿童炎症性肠病贫血的诊断和管理,意大利儿童胃肠病、肝病和营养学学会,站内免费下载,https://guide.medlive.cn/guideline/31372
2024 KDIGO临床实践指南：慢性肾脏病的评估和管理,改善全球肾脏病预后组织,有其他版本站内免费下载,https://guide.medlive.cn/guideline/31335
儿童和青少年颅咽管瘤术后内分泌管理专家共识,中国老年保健协会,站内免费下载,https://guide.medlive.cn/guideline/31339
2024 IDSA指南：COVID-19的诊断—血清学检测,美国感染病学会,有其他版本第三方数据库下载,https://guide.medlive.cn/guideline/31334
2024 BSBMTCT实践指南：儿童和青年B急性淋巴细胞白血病CAR-T细胞治疗准备,英国血液和骨髓移植及细胞治疗学会,站内免费下载,https://guide.medlive.cn/guideline/31337
腋窝多汗症诊断及A型肉毒毒素注射治疗专家共识,中国抗衰老促进会皮肤慢病管理与健康促进分会,站内免费下载,https://guide.medlive.cn/guideline/31344
2024 专家建议：亚洲心力衰竭患者铁缺乏的管理,亚洲心血管专家小组（统称）,站内免费下载,https://guide.medlive.cn/guideline/31357
肝硬化中医诊疗指南,中华中医药学会肝胆病分会,站内免费下载,https://guide.medlive.cn/guideline/31365
2024 SIOMMMS意见书：骨Paget's病的诊断和治疗,意大利骨质疏松，骨矿物质代谢好骨病学会,站内免费下载,https://guide.medlive.cn/guideline/31367
NCCN临床实践指南：睾丸癌（2024.V1）,美国国家综合癌症网络,站内免费下载,https://guide.medlive.cn/guideline/31333
2024 AASLD实践指南：门静脉高压症的非侵入性肝病评估,美国肝病研究学会,第三方数据库下载,https://guide.medlive.cn/guideline/31336
早期胰腺癌分子诊断专家共识（2023年版）,中国医师协会临床精准医疗专业委员会,站内免费下载,https://guide.medlive.cn/guideline/31363
NCCN临床实践指南：组织细胞瘤（2024.V1）,美国国家综合癌症网络,站内免费下载,https://guide.medlive.cn/guideline/31332
2023 JSH实践指南：血液恶性肿瘤—Ⅰ.白血病-1.急性髓性白血病,日本血液学会,有其他版本站内免费下载,https://guide.medlive.cn/guideline/31323
伊鲁阿克治疗间变性淋巴瘤激酶融合基因阳性局部晚期或转移性非小细胞肺癌中国专家共识（2024版）,中国医疗保健国际交流促进会,会员可通过APP阅读,https://guide.medlive.cn/guideline/31324
2024 意大利指南：儿童和青少年肠易激综合征的管理,意大利儿童胃肠病、肝病和营养学学会,站内免费下载,https://guide.medlive.cn/guideline/31338
2024 CAR/CSTR 心脏CT实践指南：非冠状动脉成像（第2部分）,加拿大放射科医师协会,有其他版本站内免费下载,https://guide.medlive.cn/guideline/31350
NCCN临床实践指南：T细胞淋巴瘤（2024.V2）,美国国家综合癌症网络,站内免费下载,https://guide.medlive.cn/guideline/31318
2024 CAR/CSTR 心脏CT实践指南：CT冠状动脉造影（第1部分）,加拿大放射科医师协会,有其他版本站内免费下载,https://guide.medlive.cn/guideline/31340
中国活体肝移植供体微创手术技术指南,中华医学会器官移植学分会,站内免费下载,https://guide.medlive.cn/guideline/31290
中国心力衰竭诊断和治疗指南2024,中华医学会心血管病学分会,有其他版本会员可通过APP阅读,https://guide.medlive.cn/guideline/31309
2023 JCS指南：冠状动脉疾病的一级预防,日本循环学会,站内免费下载,https://guide.medlive.cn/guideline/31315
体外冲击波碎石术中国专家共识,中华医学会泌尿外科学分会,站内免费下载,https://guide.medlive.cn/guideline/31305
2024 英国国家多学科指南：头颈癌（第6版）,国外肿瘤科相关专家小组（统称）,站内免费下载,https://guide.medlive.cn/guideline/31327
2023 日本指南：特发性肺纤维化的治疗（修订版）,日本厚生劳动省,有其他版本站内免费下载,https://guide.medlive.cn/guideline/31329
2023 法国国家临床实践指南：胆道癌的诊断，治疗以及随访,法国胃肠病学会,站内免费下载,https://guide.medlive.cn/guideline/31341
中国成人患者微营养素临床应用指南（2024版）,中华医学会肠外肠内营养学分会,会员可通过APP阅读,https://guide.medlive.cn/guideline/31273
2024 EBMT最佳实践建议：晚期系统性肥大细胞增多症的异基因造血细胞移植,欧洲血液和骨髓移植学会,站内免费下载,https://guide.medlive.cn/guideline/31314
NCCN临床实践指南：非小细胞肺癌（2024.V3）,美国国家综合癌症网络,有其他版本站内免费下载,https://guide.medlive.cn/guideline/31304
2024 EAN指南：肌萎缩侧索硬化症的管理,欧洲神经病学学会,站内免费下载,https://guide.medlive.cn/guideline/31291
NCCN临床实践指南：骨癌（2024.V2）,美国国家综合癌症网络,有其他版本站内免费下载,https://guide.medlive.cn/guideline/31284
NCCN临床实践指南：甲状腺癌（2024.V2）,美国国家综合癌症网络,站内免费下载,https://guide.medlive.cn/guideline/31285
微卫星不稳定性（MSI）检测技术专家共识,中国医师协会医学技师委员会病理技术专家组,站内免费下载,https://guide.medlive.cn/guideline/31279
颅外段颈部动脉粥样硬化性疾病外科治疗京津冀专家共识,天津市医学会神经外科学分会,站内免费下载,https://guide.medlive.cn/guideline/31294
2024 AHA科学声明：造血干细胞移植患者的心血管疾病管理—从移植前到生存期,美国心脏协会,第三方数据库下载,https://guide.medlive.cn/guideline/31295
成人PICC堵塞的预防及处理专家共识,中国抗癌协会肿瘤病理专业委员会,站内免费下载,https://guide.medlive.cn/guideline/31313
NCCN临床实践指南：乳腺癌（2024.V2）,美国国家综合癌症网络,有其他版本站内免费下载,https://guide.medlive.cn/guideline/31272
2024 KSCCM临床实践指南：重症患者机械通气脱机,韩国重症医学会,站内免费下载,https://guide.medlive.cn/guideline/31316
NCCN临床实践指南：成人癌痛（2024.V2）,美国国家综合癌症网络,有其他版本站内免费下载,https://guide.medlive.cn/guideline/31317
NCCN临床实践指南：慢性淋巴细胞白血病/小淋巴细胞淋巴瘤（2024.V2）,美国国家综合癌症网络,站内免费下载,https://guide.medlive.cn/guideline/31271
2024 ESC/ESVM/ESVS临床共识文件：慢性症状性外周动脉疾病的运动治疗,欧洲心脏病学会,第三方数据库下载,https://guide.medlive.cn/guideline/31286
NCCN临床实践指南：降低乳腺癌风险（2024.V2）,美国国家综合癌症网络,站内免费下载,https://guide.medlive.cn/guideline/31268
NCCN临床实践指南：系统性肥大细胞增多症（2024.V2）,美国国家综合癌症网络,站内免费下载,https://guide.medlive.cn/guideline/31269
NCCN临床实践指南：肾癌（2024.V3）,美国国家综合癌症网络,有其他版本站内免费下载,https://guide.medlive.cn/guideline/31270
5G+“三早”糖尿病健康管理中国专家共识（2024）,中华医学会健康管理学分会,会员可通过APP阅读,https://guide.medlive.cn/guideline/31264
基于循证医学证据的脊髓损伤患者躯干控制障碍康复评定和康复治疗专家共识,中国康复医学相关专家组（统称）,站内免费下载,https://guide.medlive.cn/guideline/31258
2024 WFNS建议：腰椎间盘突出症复发的预防与治疗,世界神经外科联盟,站内免费下载,https://guide.medlive.cn/guideline/31178
2024更新—2019 NICE指南：肺癌的诊断和管理（CG.122）,英国国家卫生与临床优化研究所 ,有其他版本第三方数据库下载,https://guide.medlive.cn/guideline/31298
NCCN临床实践指南：前列腺癌（2024.V3）,美国国家综合癌症网络,有其他版本站内免费下载,https://guide.medlive.cn/guideline/31310
2024 中国专家共识：离子通道药物治疗慢性疼痛（英文版）,中国疼痛学专家组（统称）,站内免费下载,https://guide.medlive.cn/guideline/31308
2024 EDF共识声明：皮肤硬化性疾病的诊断与治疗—第2部分：硬化性黏液水肿和硬化病,欧洲皮肤病学论坛,有其他版本站内免费下载,https://guide.medlive.cn/guideline/31257
2024 EDF共识声明：皮肤硬化性疾病的诊断与治疗—第1部分：局限性硬皮病、系统性硬化症和重叠综合征,欧洲皮肤病学论坛,有其他版本站内免费下载,https://guide.medlive.cn/guideline/31256
2024 BASHH指南：成人肛门生殖器疣的管理,英国性健康与艾滋病协会,站内免费下载,https://guide.medlive.cn/guideline/31255
NCCN临床实践指南：多发性骨髓瘤（2024.V3）,美国国家综合癌症网络,有其他版本站内免费下载,https://guide.medlive.cn/guideline/31252
NCCN临床实践指南：胃肠道间质瘤（2024.V1）,美国国家综合癌症网络,站内免费下载,https://guide.medlive.cn/guideline/31251
NCCN临床实践指南：食管和食管胃交界部癌（2024.V1）,美国国家综合癌症网络,有其他版本站内免费下载,https://guide.medlive.cn/guideline/31231
NCCN临床实践指南：胃癌（2024.V1）,美国国家综合癌症网络,有其他版本站内免费下载,https://guide.medlive.cn/guideline/31230
补体相关性肾病诊断和治疗专家共识,北京大学医学部肾脏病学系专家组,会员可通过APP阅读,https://guide.medlive.cn/guideline/31238
两性霉素B不同剂型临床合理应用多学科专家共识（2024版）,中国医药教育协会,会员可通过APP阅读,https://guide.medlive.cn/guideline/31240
2024 欧洲共识指南：日光性角化病、上皮紫外线诱发的异常增生和区域癌化的诊断、治疗和预防,欧洲皮肤肿瘤协会,站内免费下载,https://guide.medlive.cn/guideline/31236
2024 NICE指南：16岁以上人群维生素B12缺乏的诊断和管理（NG.239）,英国国家卫生与临床优化研究所 ,第三方数据库下载,https://guide.medlive.cn/guideline/31212
NCCN临床实践指南：子宫肿瘤（2024.V2）,美国国家综合癌症网络,有其他版本站内免费下载,https://guide.medlive.cn/guideline/31221
NCCN临床实践指南：前列腺癌早期检测（2024.V2）,美国国家综合癌症网络,站内免费下载,https://guide.medlive.cn/guideline/31222
2023 法国指南：成人肠造口的管理,法国国家结直肠病学学会,站内免费下载,https://guide.medlive.cn/guideline/31229
2024 EMQN最佳实践指南：遗传性乳腺癌和卵巢癌的基因检测,欧洲分子基因诊断质量联盟,站内免费下载,https://guide.medlive.cn/guideline/31219
2024 ERKNet/ERA共识声明：结节性硬化症累及肾脏的临床实践建议,欧洲罕见肾病参考网,第三方数据库下载,https://guide.medlive.cn/guideline/31218
广东省血管紧张素II受体拮抗剂（ARB）临床快速综合评价专家共识（2024年版）,广东省药学会,站内免费下载,https://guide.medlive.cn/guideline/31215
常用脑影像技术在脑卒中诊断中的应用指南,中华医学会神经病学分会,会员可通过APP阅读,https://guide.medlive.cn/guideline/31211
2024 MSTS临床实践指南：转移性肱骨疾病的管理,肌肉骨骼肿瘤学会,第三方数据库下载,https://guide.medlive.cn/guideline/31207
2024 WHO指南：血红蛋白临界值定义个体和群体贫血,世界卫生组织,站内免费下载,https://guide.medlive.cn/guideline/31296
阿尔茨海默病中西医结合诊疗中国专家共识,中国老年保健协会,会员可通过APP阅读,https://guide.medlive.cn/guideline/31202
2023 KAUTII指南：性传播感染的治疗——非淋球菌性细菌感染（衣原体、梅毒等）,韩国泌尿生殖道感染与炎症协会,有其他版本站内免费下载,https://guide.medlive.cn/guideline/31253
心力衰竭常见病因及合并症的基层处理专家建议,中国心血管病相关专家小组（统称）,站内免费下载,https://guide.medlive.cn/guideline/31206
胃癌中西医结合诊疗指南（2023年）,中国肿瘤科相关专家小组（统称）,站内免费下载,https://guide.medlive.cn/guideline/31198
2024 共识指南：琥珀半醛脱氢酶缺乏症的诊断和管理,国外遗传代谢性疾病专家组（统称）,站内免费下载,https://guide.medlive.cn/guideline/31249
慢性脑缺血中西医结合诊治专家共识,中国中西医结合学会神经科专业委员会,站内免费下载,https://guide.medlive.cn/guideline/31194
2024 欧洲跨学科建议：基于生物标志物的神经认知障碍诊断,国外神经内科相关专家小组（统称）,站内免费下载,https://guide.medlive.cn/guideline/31226
2024 ACC专家共识决策路径：射血分数降低的心力衰竭的治疗,美国心脏病学会,有其他版本第三方数据库下载,https://guide.medlive.cn/guideline/31276
2024 ASGBI指南：妊娠期普通外科急诊,大不列颠和爱尔兰外科医生协会,第三方数据库下载,https://guide.medlive.cn/guideline/31306
2024 WMS实践指南：中暑（更新版）,荒野医学协会,有其他版本第三方数据库下载,https://guide.medlive.cn/guideline/31184
临床药学服务价值评价实践指南（第一版）,中华医学会临床药学分会,站内免费下载,https://guide.medlive.cn/guideline/31209
2024 ACG/SAR共识建议：消化道出血的影像学检查,美国胃肠病学会,站内免费下载,https://guide.medlive.cn/guideline/31208
2024 国际专家指南：丙酮酸激酶缺乏症的诊断和管理,国外血液科相关专家小组,站内免费下载,https://guide.medlive.cn/guideline/31192
2024 WMS实践指南：野外眼外伤和疾病的治疗（更新版）,荒野医学协会,有其他版本第三方数据库下载,https://guide.medlive.cn/guideline/31190
2024 ESCP指南：机器人结肠手术的培训,欧洲肛肠病学学会,站内免费下载,https://guide.medlive.cn/guideline/31187
宁泌泰胶囊在良性前列腺增生中临床应用中国专家共识,宁泌泰胶囊临床应用中国专家共识编写组,站内免费下载,https://guide.medlive.cn/guideline/31182
2024 S2k指南：局限性硬皮病的诊断与治疗,德国皮肤病学会,站内免费下载,https://guide.medlive.cn/guideline/31193
NCCN临床实践指南：皮肤基底细胞癌（2024.V3）,美国国家综合癌症网络,站内免费下载,https://guide.medlive.cn/guideline/31181
美罗培南治疗新生儿脓毒症的临床实践指南（2024年版）,《美罗培南治疗新生儿脓毒症的临床实践指南》制订组,站内免费下载,https://guide.medlive.cn/guideline/31196
鼓室给药临床实践指南,中国耳鼻咽喉科相关专家组（统称）,站内免费下载,https://guide.medlive.cn/guideline/31233
2024 中国共识建议：糖尿病足溃疡并发下肢血管病变的诊断和治疗（英文）,中华医学会,站内免费下载,https://guide.medlive.cn/guideline/31163
α糖苷酶抑制剂临床应用中国专家共识,中国老年医学学会老年内分泌代谢分会,站内免费下载,https://guide.medlive.cn/guideline/31283
肝细胞癌伴微血管侵犯诊断和治疗中国专家共识（2024版）,中国医师协会肝癌专业委员会,站内免费下载,https://guide.medlive.cn/guideline/31186
中国皮肤非结核分枝杆菌病诊治专家共识（2024版）,中国“一带一路”皮肤病专病联盟分枝杆菌病研究联盟,会员可通过APP阅读,https://guide.medlive.cn/guideline/31275
2024 专家共识：骨质疏松性骨折的前瞻性精准诊断与治疗策略,中华医学会骨科学分会,站内免费下载,https://guide.medlive.cn/guideline/31360
肝胆管结石病综合诊疗湖南专家共识（2024版）,湖南省医学会肝胆外科专业委员会,站内免费下载,https://guide.medlive.cn/guideline/31287
NCCN临床实践指南：头颈部肿瘤（2024.V3）,美国国家综合癌症网络,有其他版本站内免费下载,https://guide.medlive.cn/guideline/31171
2024 意大利共识：嗜酸性粒细胞性食管炎的诊断和治疗——定义、临床表现和诊断,国外消化科相关专家小组（统称）,站内免费下载,https://guide.medlive.cn/guideline/31225
HIV/AIDS患者新型冠状病毒感染临床诊治专家共识,中国性病艾滋病防治协会,站内免费下载,https://guide.medlive.cn/guideline/31168
2024 AHA科学声明：人工智能在改善心脏病预后中的应用,美国心脏协会,第三方数据库下载,https://guide.medlive.cn/guideline/31155
2024 APASL临床实践指南：肝移植,亚太肝脏研究学会,第三方数据库下载,https://guide.medlive.cn/guideline/31153
类风湿关节炎前状态诊疗专家共识,中国风湿免疫科相关专家小组（统称）,站内免费下载,https://guide.medlive.cn/guideline/31319
心房颤动患者介入手术围术期护理专家共识,广东省护士协会心血管疾病护理分会,站内免费下载,https://guide.medlive.cn/guideline/31277
生物制剂在系统性红斑狼疮中应用的中国专家共识（2024版）,中华医学会风湿病学分会,会员可通过APP阅读,https://guide.medlive.cn/guideline/31281
硬化剂注射治疗原发性下肢浅静脉曲张围手术期护理规范专家共识,国际血管联盟,站内免费下载,https://guide.medlive.cn/guideline/31282
皮肤微生态与皮肤健康专家共识（第3部分：皮肤微生态与科学护肤）,中国人体健康科技促进会,有其他版本站内免费下载,https://guide.medlive.cn/guideline/31234
减重手术相关贫血管理策略中国专家共识（2024版）,中国医师协会外科医师分会肥胖和糖尿病外科医师委员会,站内免费下载,https://guide.medlive.cn/guideline/31188
子宫腺肌病三级管理专家共识,中国医疗保健国际交流促进会,站内免费下载,https://guide.medlive.cn/guideline/31320
婴儿期输血前红细胞血型血清学检测中国专家共识,中国输血协会,站内免费下载,https://guide.medlive.cn/guideline/31322
特应性皮炎治疗药物应用管理专家共识（2024版）,中国医师协会皮肤科医师分会,会员可通过APP阅读,https://guide.medlive.cn/guideline/31280
三阴性乳腺癌新辅助铂类应用专家共识（2023版）,广东省医学会乳腺病学分会,站内免费下载,https://guide.medlive.cn/guideline/31368
NCCN临床实践指南：急性髓性白血病（2024.V1）,美国国家综合癌症网络,有其他版本站内免费下载,https://guide.medlive.cn/guideline/31154
脉血康胶囊（肠溶片）治疗心脑血管疾病临床应用专家共识,中华中医药学会,站内免费下载,https://guide.medlive.cn/guideline/31352
医用X射线诊断设备辐射剂量规范化管理共识,广东省辐射防护协会,站内免费下载,https://guide.medlive.cn/guideline/31342
糖尿病视网膜病变社区筛查专家共识,中国眼科相关专家组（统称）,会员可通过APP阅读,https://guide.medlive.cn/guideline/31245
2024 亚洲专家声明：经导管肺动脉瓣置换术,亚洲心血管专家小组（统称）,站内免费下载,https://guide.medlive.cn/guideline/31179
2024 国际共识声明：静脉血栓栓塞的预防和管理,国际血管联盟,有其他版本站内免费下载,https://guide.medlive.cn/guideline/31177
日间手术病房“平急结合”管理模式专家共识,四川天府新区医学会日间护理专业委员会,站内免费下载,https://guide.medlive.cn/guideline/31220
儿童抽动障碍中医外治专家共识（2024）,中华中医药学会,站内免费下载,https://guide.medlive.cn/guideline/31235
2024 HHS指南：HIV感染的成人及青少年应用抗逆转录病毒药物治疗,美国卫生和公共服务部,有其他版本站内免费下载,https://guide.medlive.cn/guideline/31167
2024 中国专家共识：NRG1/2基因融合实体瘤的诊断与治疗（英文）,中国肿瘤科相关专家小组（统称）,站内免费下载,https://guide.medlive.cn/guideline/31157
2024 AAO-HNSF临床实践指南：吸入性过敏的免疫治疗（概要）,美国骨科医师学会,有其他版本第三方数据库下载,https://guide.medlive.cn/guideline/31156
2024 AAO-HNSF临床实践指南：吸入性过敏的免疫治疗,美国耳鼻咽喉头颈外科学会,有其他版本第三方数据库下载,https://guide.medlive.cn/guideline/31145
NCCN临床实践指南：结直肠癌筛查（2024.V1）,美国国家综合癌症网络,站内免费下载,https://guide.medlive.cn/guideline/31144
儿童轮状病毒胃肠炎免疫预防专家共识（2024年版）,轮状病毒胃肠炎专家共识编写组,有其他版本站内免费下载,https://guide.medlive.cn/guideline/31141
NCCN临床实践指南：小肠腺癌（2024.V2）,美国国家综合癌症网络,站内免费下载,https://guide.medlive.cn/guideline/31143
2023 国际建议：移植和细胞治疗长期幸存者的筛查和预防措施（更新版）,国外血液科相关专家小组,站内免费下载,https://guide.medlive.cn/guideline/31166
膝下动脉血运重建的临床实践中国专家共识,国家心血管病专家委员会血管外科专业委员会,站内免费下载,https://guide.medlive.cn/guideline/31150
2024 KNGF指南：腰痛和腰骶神经根综合征的管理,荷兰皇家物理治疗学会,站内免费下载,https://guide.medlive.cn/guideline/31146
2024 AHA科学声明：老年人心源性休克——聚焦与年龄相关的风险和管理方法,美国心脏协会,第三方数据库下载,https://guide.medlive.cn/guideline/31142
脊柱内固定术后手术部位感染预防中国专家共识,中国康复医学会,站内免费下载,https://guide.medlive.cn/guideline/31140
2024 AGA临床实践指南：选定的胃肠道疾病以粪便微生物群为基础的治疗,美国胃肠病协会,第三方数据库下载,https://guide.medlive.cn/guideline/31139
肝积中医诊疗专家共识（2023）,中华中医药学会脾胃病分会,站内免费下载,https://guide.medlive.cn/guideline/31137
妊娠期肝内胆汁淤积症临床诊治和管理指南（2024版）,中华医学会妇产科学分会产科学组,有其他版本会员可通过APP阅读,https://guide.medlive.cn/guideline/31136
NCCN临床实践指南：儿童中枢神经系统肿瘤（2024.V1）,美国国家综合癌症网络,有其他版本站内免费下载,https://guide.medlive.cn/guideline/31132
2024 共识声明：高钾血症的管理—亚太地区,亚太地区多学科专家小组（统称）,站内免费下载,https://guide.medlive.cn/guideline/31152
NCCN临床实践指南：宫颈癌（2024.V2）,美国国家综合癌症网络,有其他版本站内免费下载,https://guide.medlive.cn/guideline/31133
罕见病超药品说明书用药专家共识（血液系统·2024年版）,广东省药学会,站内免费下载,https://guide.medlive.cn/guideline/31216
他汀不耐受的临床诊断与处理中国专家共识,国家心血管病专家委员会心血管代谢医学专业委员会,站内免费下载,https://guide.medlive.cn/guideline/31122
2024 KDIGO临床实践指南：抗中性粒细胞胞浆抗体（ANCA）相关血管炎的管理,改善全球肾脏病预后组织,有其他版本站内免费下载,https://guide.medlive.cn/guideline/31129
2024 AHA科学声明：先天性心脏病患者的神经发育结局：神经保护、风险分层、评估和管理更新,美国心脏协会,有其他版本第三方数据库下载,https://guide.medlive.cn/guideline/31126
2024 UK指南：成年期儿童肝病的过渡和管理,英国胃肠病学会,站内免费下载,https://guide.medlive.cn/guideline/31121
2023 临床实践指南：食管胃结合部癌,国外肿瘤科相关专家小组（统称）,站内免费下载,https://guide.medlive.cn/guideline/31120
2024 多学科专家意见：拔管后喉炎的诊断与治疗,国外耳鼻喉相关专家组（统称）,站内免费下载,https://guide.medlive.cn/guideline/31201
复杂腹壁疝微共识：腹壁疝合并脏器外露,《复杂腹壁疝微共识：腹壁疝合并脏器外露》编审委员会,有其他版本站内免费下载,https://guide.medlive.cn/guideline/31217
2024 德国指南：成人非心脏手术的术中血流动力学监测与管理,德国麻醉与重症监护医学学会,站内免费下载,https://guide.medlive.cn/guideline/31115
连续性肾替代治疗抗菌药物剂量调整专家共识（2024年版）,连续性肾替代治疗抗菌药物剂量调整共识专家组,会员可通过APP阅读,https://guide.medlive.cn/guideline/31114
长效红细胞生成刺激剂治疗肾性贫血中国专家共识 （2024年版）,中国非公立医院协会肾病透析专业委员会,会员可通过APP阅读,https://guide.medlive.cn/guideline/31113
2024 ESO指南：脑小血管病—第2部分：腔隙性缺血性卒中,欧洲卒中组织,有其他版本站内免费下载,https://guide.medlive.cn/guideline/31110
骨质疏松分子生物学研究专家共识,《中国骨质疏松杂志》社,站内免费下载,https://guide.medlive.cn/guideline/31107
儿童孤独症谱系障碍中西医结合干预专家共识,湖南省中医药和中西医结合学会儿科专业委员会,站内免费下载,https://guide.medlive.cn/guideline/31106
基于中国人群的BRCA胚系突变筛查专家共识（2024年版）,中国抗癌协会肿瘤标志专业委员会,站内免费下载,https://guide.medlive.cn/guideline/31321
复杂腹壁疝微共识：嵌顿、绞窄性腹壁疝,《复杂腹壁疝微共识：嵌顿、绞窄性腹壁疝》编审委员会,有其他版本站内免费下载,https://guide.medlive.cn/guideline/31223
2024 WFNS建议：腰椎间盘突出症的流行病学、临床和影像学诊断,世界神经外科联盟,站内免费下载,https://guide.medlive.cn/guideline/31210
葡萄糖激酶激活剂多格列艾汀药学专家共识,国家老年医学中心,站内免费下载,https://guide.medlive.cn/guideline/31205
2024 ESPGHAN意见书：牛奶过敏的诊断、管理和预防,欧洲儿科胃肠病学、肝病学和营养协会,有其他版本站内免费下载,https://guide.medlive.cn/guideline/31127
胃肠间质瘤靶向药物伊马替尼的个体化用药管理中国专家共识,中国药师协会,站内免费下载,https://guide.medlive.cn/guideline/31103
中国儿童重症监护病房镇痛和镇静治疗专家共识（2024）,中华医学会儿科学分会急救学组,有其他版本会员可通过APP阅读,https://guide.medlive.cn/guideline/31100
驱动基因阴性非小细胞肺癌二线治疗中国专家共识,中国临床肿瘤学会非小细胞肺癌专家委员会,站内免费下载,https://guide.medlive.cn/guideline/31248
2024 ISCT建议：转基因造血干细胞治疗后策略性感染预防,国际细胞与基因治疗学会,站内免费下载,https://guide.medlive.cn/guideline/31328
心脏离子通道病和致心律失常性心肌病基因检测评估中国专家共识,中华医学会心电生理和起搏分会,会员可通过APP阅读,https://guide.medlive.cn/guideline/31244
肝细胞癌合并糖尿病经动脉化疗栓塞治疗围手术期血糖管理专家共识,湖北省医学会介入医学分会,站内免费下载,https://guide.medlive.cn/guideline/31088
干燥综合征病证结合诊疗指南,中华中医药学会,站内免费下载,https://guide.medlive.cn/guideline/31078
2024 AUA/ASTRO/SUO指南：前列腺癌的挽救性治疗—第I部分：介绍及前列腺根治术后疑似生化复发时的治疗决策,美国泌尿外科学会,有其他版本第三方数据库下载,https://guide.medlive.cn/guideline/31174
2024 SECIB临床实践指南：第三磨牙拔除的诊断及指征,西班牙口腔外科学会,站内免费下载,https://guide.medlive.cn/guideline/31117
2024 ESPGHAN建议：青少年和儿童慢性丙型肝炎病毒感染的治疗（包括资源有限环境）,欧洲儿科胃肠病学、肝病学和营养协会,有其他版本站内免费下载,https://guide.medlive.cn/guideline/31089
中国老年糖尿病诊疗指南（2024版）,国家老年医学中心,有其他版本会员可通过APP阅读,https://guide.medlive.cn/guideline/31073
中国大动脉炎诊疗指南（2023）,国家皮肤与免疫疾病临床医学研究中心,会员可通过APP阅读,https://guide.medlive.cn/guideline/31059
多发磨玻璃结节样肺癌多学科诊疗中国专家共识（2024年版）,中国医药教育协会,会员可通过APP阅读,https://guide.medlive.cn/guideline/31057
2024 法国指南：女性孕前、孕期和产后心境障碍的管理,法国生物精神病学和神经精神药理学学会,站内免费下载,https://guide.medlive.cn/guideline/31124
2024 CVIT共识文件：有创功能性冠状动脉造影的临床应用,日本心血管介入治疗协会,站内免费下载,https://guide.medlive.cn/guideline/31071
2024 最佳实践建议：不孕症的管理,国外生殖医学专家组（统称）,站内免费下载,https://guide.medlive.cn/guideline/31355
动态葡萄糖图谱报告临床应用专家共识（2023版）,中华医学会内分泌学分会,会员可通过APP阅读,https://guide.medlive.cn/guideline/31104
2024更新—2016 NICE指南：结核病（NG.33）,英国国家卫生与临床优化研究所 ,有其他版本第三方数据库下载,https://guide.medlive.cn/guideline/31077
成人法布雷病心肌病诊断与治疗中国专家共识,中华医学会心血管病学分会,会员可通过APP阅读,https://guide.medlive.cn/guideline/31058
NCCN临床实践指南：姑息治疗（2024.V1）,美国国家综合癌症网络,站内免费下载,https://guide.medlive.cn/guideline/31051
2024 ADA循证临床实践指南：青少年、成人和老年人急性牙痛的药物治疗,美国牙科协会,站内免费下载,https://guide.medlive.cn/guideline/31148
儿童腺样体肥大中医临床实践指南,中国儿科相关医学专家组（统称）,站内免费下载,https://guide.medlive.cn/guideline/31119
肿瘤专科医院急诊预检分诊专家共识,中国医师协会肿瘤医师分会,站内免费下载,https://guide.medlive.cn/guideline/31062
左卡尼汀在男科疾病中临床应用中国专家共识,中国泌尿外科相关专家组（统称）,站内免费下载,https://guide.medlive.cn/guideline/31259
2023 ESGO/ESTRO/ESP指南：影像学在宫颈癌分期中的作用（更新版）,欧洲妇科肿瘤学会,站内免费下载,https://guide.medlive.cn/guideline/31138
2024 ESHRE指南：IVF/ICSI期间移植的胚胎数量,欧洲人类生殖及胚胎学会,站内免费下载,https://guide.medlive.cn/guideline/31064
2024 AUA/ASTRO/SUO指南：前列腺癌的挽救性治疗—第III部分：放疗或局部治疗后，盆腔淋巴结复发和少转移的挽救性治疗以及未来的方向,美国泌尿外科学会,有其他版本第三方数据库下载,https://guide.medlive.cn/guideline/31176
2024 AUA/ASTRO/SUO指南：前列腺癌的挽救性治疗—第II部分：原发性根治性前列腺切除术后非转移性生化复发的治疗,美国泌尿外科学会,有其他版本第三方数据库下载,https://guide.medlive.cn/guideline/31175
2024 WFNS建议：保守治疗在腰椎间盘突出症中的作用,世界神经外科联盟,站内免费下载,https://guide.medlive.cn/guideline/31164
2024 AHA科学声明：产后降低不良妊娠结局后心血管疾病风险的机会,美国心脏协会,第三方数据库下载,https://guide.medlive.cn/guideline/31083
2024 ERNICA循证指南：腹裂畸形的管理,欧洲罕见遗传性和先天性（消化和胃肠道）参考网,站内免费下载,https://guide.medlive.cn/guideline/31063
NCCN临床实践指南：遗传/家族高风险评估-乳腺癌，卵巢癌和胰腺癌（2024.V3）,美国国家综合癌症网络,站内免费下载,https://guide.medlive.cn/guideline/31050
NCCN临床实践指南：骨髓增生异常综合征（2024.V1）,美国国家综合癌症网络,有其他版本站内免费下载,https://guide.medlive.cn/guideline/31045
NCCN临床实践指南：皮肤黑色素瘤（2024.V1）,美国国家综合癌症网络,有其他版本站内免费下载,https://guide.medlive.cn/guideline/31044
2024 WMS临床实践指南：脊髓保护（更新版）,荒野医学协会,有其他版本第三方数据库下载,https://guide.medlive.cn/guideline/31109
2024 EBMT临床实践建议：自身免疫性疾病的创新细胞疗法,欧洲血液和骨髓移植学会,站内免费下载,https://guide.medlive.cn/guideline/31108
2024 PIDS共识声明：儿童和青少年COVID-19预防和管理指南,儿童感染病协会,第三方数据库下载,https://guide.medlive.cn/guideline/31102
2024 WFNS建议：马尾综合征，脊髓圆锥综合征和模拟坐骨神经痛综合征,世界神经外科联盟,站内免费下载,https://guide.medlive.cn/guideline/31354
2024 实践建议：一氧化碳中毒致心脏损伤的评估和管理,国外心血管相关专家小组（统称）,站内免费下载,https://guide.medlive.cn/guideline/31125
反射式共聚焦显微镜皮肤检测质控专家共识（2023）,国家皮肤与性传播疾病专业质控中心,站内免费下载,https://guide.medlive.cn/guideline/31092
2024 ECMM/ISHAM/ASM全球指南：隐球菌病的诊断与管理,欧洲医学真菌学联盟,站内免费下载,https://guide.medlive.cn/guideline/31085
2024 共识指南：儿童和青少年垂体腺瘤的诊断和管理—第2部分：特定疾病,英国儿科内分泌和糖尿病学会,有其他版本第三方数据库下载,https://guide.medlive.cn/guideline/31068
2024 共识指南：儿童和青少年垂体腺瘤的诊断和管理—第1部分：一般建议,英国儿科内分泌和糖尿病学会,有其他版本第三方数据库下载,https://guide.medlive.cn/guideline/31065
低强度脉冲式超声波（LIPUS）治疗勃起功能障碍中国专家共识,中国医疗保健国际交流促进会,站内免费下载,https://guide.medlive.cn/guideline/31260
2024 WFNS建议：急性背痛的临床和放射学诊断,世界神经外科联盟,站内免费下载,https://guide.medlive.cn/guideline/31180
2024 专家共识指南：社区药师应用复合亲神经B族维生素治疗糖尿病周围神经病变,国外药师专家小组（统称）,站内免费下载,https://guide.medlive.cn/guideline/31087
NCCN临床实践指南：神经母细胞瘤（2024.V1）,美国国家综合癌症网络,站内免费下载,https://guide.medlive.cn/guideline/31052
儿童青少年肥胖食养指南（2024 年版）,中华人民共和国国家卫生健康委员会,站内免费下载,https://guide.medlive.cn/guideline/31040
成人慢性肾脏病食养指南（2024年版）,中华人民共和国国家卫生健康委员会,站内免费下载,https://guide.medlive.cn/guideline/31039
成人肥胖食养指南（2024年版）,中华人民共和国国家卫生健康委员会,站内免费下载,https://guide.medlive.cn/guideline/31038
成人高尿酸血症与痛风食养指南（2024年版）,中华人民共和国国家卫生健康委员会,站内免费下载,https://guide.medlive.cn/guideline/31037
2024 CDC实验室建议：梅毒检测,美国疾病控制与预防中心,第三方数据库下载,https://guide.medlive.cn/guideline/31029
NCCN临床实践指南：儿童急性淋巴细胞白血病（2024.V4）,美国国家综合癌症网络,有其他版本站内免费下载,https://guide.medlive.cn/guideline/31049
2023 EULAR建议：晶体性关节病变诊断和治疗中的影像学检查,欧洲抗风湿病联盟,站内免费下载,https://guide.medlive.cn/guideline/31111
2024 ACEP共识指南：表面麻醉剂在单纯性角膜擦伤患者治疗中的应用,美国急诊医师学会,站内免费下载,https://guide.medlive.cn/guideline/31099
成人代谢综合征防控健康教育专家共识,中华医学会健康管理学分会,会员可通过APP阅读,https://guide.medlive.cn/guideline/31033
冠心病CT检查和诊断中国专家共识,中国医师协会放射医师分会,会员可通过APP阅读,https://guide.medlive.cn/guideline/31032
术中面神经监测专家共识,中华耳鼻咽喉头颈外科杂志编辑委员会,会员可通过APP阅读,https://guide.medlive.cn/guideline/31028
驱动基因阴性晚期非小细胞肺癌一线免疫治疗耐药评估及治疗策略中国专家共识（2024版）,中国临床肿瘤学会非小细胞肺癌专家委员会,会员可通过APP阅读,https://guide.medlive.cn/guideline/31055
乙型病毒性肝炎全人群管理专家共识（2023）,中国医师协会感染科医师分会,会员可通过APP阅读,https://guide.medlive.cn/guideline/31026
2024 ESVS临床实践指南：腹主动脉-髂动脉动脉瘤的管理,欧洲血管外科学会,有其他版本站内免费下载,https://guide.medlive.cn/guideline/31035
耳内镜中耳乳突部手术专家共识,中国耳鼻咽喉科相关专家组（统称）,站内免费下载,https://guide.medlive.cn/guideline/31030
2024 国际共识声明：直接口服抗凝剂治疗的老年患者髋部骨折的管理原则,国外麻醉相关专家组（统称）,站内免费下载,https://guide.medlive.cn/guideline/31027
耳内镜外科持续灌流操作模式专家共识,中国耳鼻咽喉科相关专家组（统称）,站内免费下载,https://guide.medlive.cn/guideline/31023
2024 EAP声明：儿童和青少年性别焦虑的临床管理,欧洲儿科学会,站内免费下载,https://guide.medlive.cn/guideline/31097
2024 BAN共识：5q脊髓性肌萎缩症的诊断、遗传咨询和疾病修饰治疗,巴西神经病学学会,站内免费下载,https://guide.medlive.cn/guideline/31096
2024 EAPCI/EACVI临床共识声明：考虑进行血管重建的冠状动脉慢性全闭塞患者的评估和管理,欧洲经皮心血管介入学会,第三方数据库下载,https://guide.medlive.cn/guideline/31070
2024 意大利意见书：药物相关性颌骨坏死,意大利口腔病理学和医学学会,有其他版本站内免费下载,https://guide.medlive.cn/guideline/31031
2024 NCS临床实践指南：成人中重度颅脑损伤住院患者的癫痫预防,美国神经重症监护学会,站内免费下载,https://guide.medlive.cn/guideline/31024
2024 AHA科学声明：胎儿和新生儿时期心律失常的药物治疗,美国心脏协会,第三方数据库下载,https://guide.medlive.cn/guideline/31012
NCCN临床实践指南：急性淋巴细胞白血病（2023.V4）,美国国家综合癌症网络,有其他版本站内免费下载,https://guide.medlive.cn/guideline/31013
2024 EACTS/STS指南：主动脉器官急性和慢性综合征的诊断与治疗,欧洲心胸外科协会,第三方数据库下载,https://guide.medlive.cn/guideline/31134
抗癫痫发作药物联合使用中国专家共识,中华医学会神经病学分会,会员可通过APP阅读,https://guide.medlive.cn/guideline/30995
躯体症状障碍多学科诊疗专家共识,中华医学会心身医学分会,会员可通过APP阅读,https://guide.medlive.cn/guideline/30993
2024 RCOG指南：妊娠期恶心呕吐和妊娠剧吐的管理（No.69）,英国皇家妇产科医师学院,有其他版本站内免费下载,https://guide.medlive.cn/guideline/31010
2024 ASE建议：小儿经胸超声心动图综合检查指南,美国超声心动图学会,有其他版本第三方数据库下载,https://guide.medlive.cn/guideline/31001
2024 ESMO临床实践指南：胃癌患者的诊断、治疗和随访——泛亚洲人群适用,欧洲肿瘤内科学会,有其他版本站内免费下载,https://guide.medlive.cn/guideline/31036
2024 ASE指南建议：针对性新生儿超声心动图和心脏床旁超声检查在新生儿重症监护室的应用（更新版）,美国超声心动图学会,第三方数据库下载,https://guide.medlive.cn/guideline/30997
2024 MASCC临床实践指南：乳腺癌相关上肢淋巴水肿的预防,癌症支持疗法多国学会,站内免费下载,https://guide.medlive.cn/guideline/31060
2024 WHO指南：白喉的临床管理,世界卫生组织,站内免费下载,https://guide.medlive.cn/guideline/31021
2024 国际多学科共识：乳腺癌放射治疗与新型全身治疗方法相结合,国外肿瘤科相关专家小组（统称）,站内免费下载,https://guide.medlive.cn/guideline/30987
勃起功能障碍和早泄共病中西医结合诊治中国专家共识,中国性学会,站内免费下载,https://guide.medlive.cn/guideline/31183
2023 国际共识指南：机器人胰腺手术,中外普通外科相关专家组（统称）,有其他版本站内免费下载,https://guide.medlive.cn/guideline/31061
非手术疗法治疗腰椎间盘突出症的循证实践指南,中国骨科相关专家小组（统称）,站内免费下载,https://guide.medlive.cn/guideline/30976
2023 ATS临床实践指南：儿童腺样体扁桃体切除术后持续性阻塞性睡眠呼吸暂停的管理,美国胸科学会,第三方数据库下载,https://guide.medlive.cn/guideline/31004
2024 专家共识：牙源性上颌窦炎的多学科治疗,中国口腔科相关专家组（统称）,站内免费下载,https://guide.medlive.cn/guideline/30985
2024 中国专家共识：先天性巨结肠的诊断和治疗（英文版）,中国儿科相关医学专家组（统称）,有其他版本站内免费下载,https://guide.medlive.cn/guideline/30971
2024 AHA科学声明：成人颈动脉夹层的治疗及预后,美国心脏协会,第三方数据库下载,https://guide.medlive.cn/guideline/30969
2024 EACTS专家共识声明：心脏手术后围术期心肌梗死,欧洲心胸外科协会,第三方数据库下载,https://guide.medlive.cn/guideline/31173
溃疡性结肠炎中医诊疗专家共识（2023）,中华中医药学会脾胃病分会,有其他版本站内免费下载,https://guide.medlive.cn/guideline/31170
机器人辅助手术治疗子宫颈癌中国专家共识（2024 版）,中国医师协会微无创医学专业委员会,站内免费下载,https://guide.medlive.cn/guideline/31147
2024 WMS临床实践指南：溺水的预防和治疗（更新版）,荒野医学协会,有其他版本站内免费下载,https://guide.medlive.cn/guideline/31116
湖北省基层妇幼保健院子宫颈癌防控一体化门诊规范化建设专家共识,湖北省妇幼保健协会,站内免费下载,https://guide.medlive.cn/guideline/31112
肺移植患者术后肺康复护理专家共识,浙江省护理学会呼吸护理专业委员会,站内免费下载,https://guide.medlive.cn/guideline/31105
2024 HKUA/HKSUO共识声明：雄激素剥夺治疗和雄激素受体轴靶向治疗前列腺癌患者解决心脏代谢并发症的风险和管理,香港泌尿外科协会,站内免费下载,https://guide.medlive.cn/guideline/31101
预防及治疗用噬菌体质量标准专家共识,中国噬菌体研究联盟,站内免费下载,https://guide.medlive.cn/guideline/31094
婴幼儿重点呼吸道病毒感染性疾病预防健康教育专家共识,中国疾病预防控制中心,站内免费下载,https://guide.medlive.cn/guideline/31080
头颈肿瘤围术期静脉血栓栓塞症防治中国专家共识,中国口腔颌面外科专家小组（统称）,站内免费下载,https://guide.medlive.cn/guideline/31079
养老机构适老营养膳食照护中国专家共识（2023版）,中国老年医学学会营养与食品安全分会,站内免费下载,https://guide.medlive.cn/guideline/31076
综合性携带者筛查关键问题专家共识（2024版）,中国遗传学会遗传诊断分会,会员可通过APP阅读,https://guide.medlive.cn/guideline/31075
2024 ESES共识会议建议：晚期胰腺神经内分泌肿瘤的外科治疗,欧洲内分泌外科学会,第三方数据库下载,https://guide.medlive.cn/guideline/31072
2023中国临床实践指南：雄激素性脱发诊断与治疗,中华医学会整形外科学分会,有其他版本会员可通过APP阅读,https://guide.medlive.cn/guideline/31066
中国溃疡性结肠炎诊治指南（2023年·西安）,中华医学会消化病学分会炎症性肠病学组,会员可通过APP阅读,https://guide.medlive.cn/guideline/31053
中国克罗恩病诊治指南（2023年·广州）,中华医学会消化病学分会炎症性肠病学组,会员可通过APP阅读,https://guide.medlive.cn/guideline/31054
抗肿瘤治疗所致恶心呕吐全程管理上海专家 共识（2024年版）,上海市抗癌协会癌症康复与姑息专业委员会,有其他版本站内免费下载,https://guide.medlive.cn/guideline/31025
结直肠癌早筛、早诊、早治上海方案（2023年版）,上海市抗癌协会,站内免费下载,https://guide.medlive.cn/guideline/31022
二代测序技术在消化系统肿瘤临床应用的中国专家共识,中国抗癌协会肿瘤精准治疗专业委员会　,站内免费下载,https://guide.medlive.cn/guideline/31008
儿童过敏性紫癜性肾炎中西医结合诊疗指南（2023）,肾脏病相关专家小组（统称）,站内免费下载,https://guide.medlive.cn/guideline/31002
腹腔镜肝切除手术入路中国专家共识（2023版）,中华消化外科杂志编委会,站内免费下载,https://guide.medlive.cn/guideline/31000
胃癌早诊早治中国专家共识（2023版）,中华医学会肿瘤学分会,站内免费下载,https://guide.medlive.cn/guideline/30991
腹腔镜结直肠癌根治术操作指南（2023版）,中华医学会外科学分会,有其他版本站内免费下载,https://guide.medlive.cn/guideline/30989
非酒精性单纯性脂肪性肝病治未病干预指南,中华中医药学会肝胆病分会,站内免费下载,https://guide.medlive.cn/guideline/30977
2024 专家共识建议：alpelisib相关性高血糖和皮疹的管理,国外肿瘤科相关专家小组（统称）,站内免费下载,https://guide.medlive.cn/guideline/30972
2024 IANS共识指南：肛门癌筛查,国际肛门肿瘤学会,站内免费下载,https://guide.medlive.cn/guideline/30967
2024更新—2021 NICE指南：剖腹产（NG.192）,英国国家卫生与临床优化研究所 ,有其他版本第三方数据库下载,https://guide.medlive.cn/guideline/30956
低强度体外冲击波/脉冲式超声波治疗勃起功能障碍中国专家共识,中国性学会,站内免费下载,https://guide.medlive.cn/guideline/30955
癌痛患者自控静脉镇痛技术临床实践规范的四川专家共识,四川省抗癌协会,站内免费下载,https://guide.medlive.cn/guideline/30954
老年人衰弱筛查与干预中西医结合专家共识,上海市老年学学会老年医学与老年保健专业委员会,站内免费下载,https://guide.medlive.cn/guideline/31232
2024更新—2016NICE指南：疑似脓毒症的识别，诊断和早期管理（NG.51）,英国国家卫生与临床优化研究所 ,有其他版本第三方数据库下载,https://guide.medlive.cn/guideline/30952
醛代谢紊乱学说指导急危重症早期救治中国专家共识（2023）,中华医学会急诊医学分会,会员可通过APP阅读,https://guide.medlive.cn/guideline/31158
2023 专家共识：高尿酸血症和高心血管风险患者的诊断和治疗（更新版）,国外心血管相关专家小组（统称）,有其他版本站内免费下载,https://guide.medlive.cn/guideline/31369
尘肺病治疗中国专家共识（2024年版）,中华预防医学会,有解读有其他版本站内免费下载,https://guide.medlive.cn/guideline/31227
2024 中国专家共识：贯穿女性一生的哮喘的诊断、治疗和管理（英文）,中国呼吸科专家组（统称）,站内免费下载,https://guide.medlive.cn/guideline/31151
自体单采富血小板血浆在脱发治疗中的临床应用专家共识,中国生物医学工程学会,站内免费下载,https://guide.medlive.cn/guideline/31312
经胸超声心动图检查规范化应用中国专家共识（2024版）,中华医学会超声医学分会,会员可通过APP阅读,https://guide.medlive.cn/guideline/31005
2024 ESPGHAN/NASPGHAN指南：儿童时期嗜酸性粒细胞性食管炎以外的嗜酸性胃肠道疾病,欧洲儿科胃肠病学、肝病学和营养协会,第三方数据库下载,https://guide.medlive.cn/guideline/31015
中国ERCP致十二指肠穿孔并发症管理指南（2023版）,中华医学会内镜学分会,站内免费下载,https://guide.medlive.cn/guideline/30988
2024 AAD指南：寻常痤疮的护理管理,美国皮肤病学会,有其他版本第三方数据库下载,https://guide.medlive.cn/guideline/30982
Ⅱ度烧伤创面治疗专家共识（2024版）Ⅰ：院前急救和非手术治疗,中华医学会烧伤外科学分会,有其他版本会员可通过APP阅读,https://guide.medlive.cn/guideline/30941
神经病理性疼痛评估与管理中国指南（2024 版）,国家疼痛专业质控中心,站内免费下载,https://guide.medlive.cn/guideline/30978
NCCN临床实践指南：造血生长因子（2024.V3）,美国国家综合癌症网络,站内免费下载,https://guide.medlive.cn/guideline/30948
综合医疗机构肺结核早期发现临床实践指南,国家呼吸内科医疗质量控制中心,站内免费下载,https://guide.medlive.cn/guideline/30951
脊髓型颈椎病中西医结合诊疗指南（2023）,中国中西医结合学会,有其他版本站内免费下载,https://guide.medlive.cn/guideline/30946
肩袖损伤中西医结合诊疗指南（2023年版）,中华中医药学会,站内免费下载,https://guide.medlive.cn/guideline/30949
NCCN临床实践指南：膀胱癌（2024.V1）,美国国家综合癌症网络,有其他版本站内免费下载,https://guide.medlive.cn/guideline/30953
2023 SIC意见书：高风险和中高风险肺栓塞的管理,意大利心脏病学会,站内免费下载,https://guide.medlive.cn/guideline/30836
2024 德国指南：食管鳞状细胞癌和腺癌的诊断与治疗（更新版）,国外肿瘤科相关专家小组（统称）,站内免费下载,https://guide.medlive.cn/guideline/31123
2022 ESGO/ESMO/ESP共识会议建议：卵巢癌的病理学和分子生物学以及早期、晚期和复发性疾病,欧洲妇科肿瘤学会,第三方数据库下载,https://guide.medlive.cn/guideline/30986
非小细胞肺癌PD-L1表达临床检测中国专家共识（2023版）,中国抗癌协会肿瘤病理专业委员会,有其他版本会员可通过APP阅读,https://guide.medlive.cn/guideline/30929
2024 DDG临床实践指南：2型糖尿病患者的饮食建议,德国糖尿病学会,站内免费下载,https://guide.medlive.cn/guideline/30979
NCCN临床实践指南：结肠癌（2024.V1）,美国国家综合癌症网络,有其他版本站内免费下载,https://guide.medlive.cn/guideline/30938
NCCN临床实践指南：直肠癌（2024.V1）,美国国家综合癌症网络,站内免费下载,https://guide.medlive.cn/guideline/30939
2024 专家共识指南：静脉铁剂的应用、配方、给药和输注反应的管理,国外血液科相关专家小组,站内免费下载,https://guide.medlive.cn/guideline/30935
左心室肥厚诊断和治疗临床路径中国专家共识2023,中国医师协会心血管内科医师分会,站内免费下载,https://guide.medlive.cn/guideline/30944
2024 AHA科学声明：脑静脉血栓形成的诊断和管理,美国心脏协会,有其他版本第三方数据库下载,https://guide.medlive.cn/guideline/30932
激光散射法微生物快速培养系统临床应用专家共识,中国医学装备协会检验医学分会,站内免费下载,https://guide.medlive.cn/guideline/30926
2024 ISDE立场声明：减重手术或内镜治疗肥胖前的胃食管诊断检查,国际食管疾病学会,站内免费下载,https://guide.medlive.cn/guideline/30933
2024 SOGC临床实践指南：慢性盆腔疼痛的管理（No.445）,加拿大妇产科医生协会,站内免费下载,https://guide.medlive.cn/guideline/31185
儿童副流感病毒感染临床实验室诊断专家共识,国家儿童健康与疾病临床医学研究中心,会员可通过APP阅读,https://guide.medlive.cn/guideline/30923
儿童厌食中医临床诊疗指南（修订）,中国儿科相关医学专家组（统称）,站内免费下载,https://guide.medlive.cn/guideline/30973
成人肥厚型心肌病康复和运动管理中国专家共识,中国心血管病相关专家小组（统称）,站内免费下载,https://guide.medlive.cn/guideline/30919
2024 ESPGHAN意见书：益生元在小儿胃肠疾病治疗中的应用,欧洲儿科胃肠病学、肝病学和营养协会,站内免费下载,https://guide.medlive.cn/guideline/30920
2024 HFA/EHRA临床共识声明：心力衰竭患者整合植入式装置治疗,欧洲心力衰竭协会,站内免费下载,https://guide.medlive.cn/guideline/30916
左心室辅助装置植入全程管理专家共识（2023年）,《左心室辅助装置植入全程管理专家共识（2023 年）》工作组,站内免费下载,https://guide.medlive.cn/guideline/30915
乳腺癌机会性筛查规范路径专家共识,国家癌症中心,站内免费下载,https://guide.medlive.cn/guideline/30945
2024 ESPEN实践指南：多发病住院患者的营养支持,欧洲临床营养和代谢学会,有其他版本第三方数据库下载,https://guide.medlive.cn/guideline/30992
中国儿童支气管肺泡灌洗术临床实践指南（2024）,中国医师协会儿童重症医师分会,站内免费下载,https://guide.medlive.cn/guideline/30914
辅助生殖TORCH筛查专家共识,中国非公立医疗机构协会生殖医学专业委员会,站内免费下载,https://guide.medlive.cn/guideline/30912
2024 AUA/SUO指南：非肌层浸润性膀胱癌的诊断和治疗（修订版）,美国泌尿外科学会,有其他版本第三方数据库下载,https://guide.medlive.cn/guideline/30910
毛发移植围手术期提高毛囊成活率的专家共识,中国医师协会美容与整形医师分会,站内免费下载,https://guide.medlive.cn/guideline/30906
消化道肿瘤患者运动干预专家共识,《消化道肿瘤患者运动干预专家共识》工作组,站内免费下载,https://guide.medlive.cn/guideline/30900
眼眶病常用影像学检查设备操作指南（2024）,《眼眶病常用影像学检查设备操作指南（2024）》专家组,站内免费下载,https://guide.medlive.cn/guideline/30899
2024 国际共识：恩格列净治疗糖原贮积症IB型相关中性粒细胞减少症和中性粒细胞功能障碍的建议,国外遗传代谢性疾病专家组（统称）,站内免费下载,https://guide.medlive.cn/guideline/30937
中国食管癌放射治疗指南（2023年版）,中国医师协会放射医师分会,有其他版本会员可通过APP阅读,https://guide.medlive.cn/guideline/30892
2022 JSMO临床指南：结直肠癌治疗的分子检测（第5版）,日本肿瘤内科学会,有其他版本站内免费下载,https://guide.medlive.cn/guideline/30909
2024 USPSTF建议声明：儿童言语和语言延迟和障碍的筛查,美国预防医学工作组,有其他版本第三方数据库下载,https://guide.medlive.cn/guideline/30898
非酒精性脂肪性肝病中医诊疗专家共识（2023）,中华中医药学会脾胃病分会,有其他版本站内免费下载,https://guide.medlive.cn/guideline/30893
连续性肾替代治疗容量评估与管理专家共识,中华医学会肾脏病学分会,会员可通过APP阅读,https://guide.medlive.cn/guideline/30904
2024 ASCRS临床实践指南：遗传性腺瘤性息肉综合征的管理,美国结肠和直肠外科医师学会,有其他版本第三方数据库下载,https://guide.medlive.cn/guideline/30905
加拿大麻醉医师学会：麻醉实践指南（2024修订版）,加拿大麻醉医师学会,有其他版本站内免费下载,https://guide.medlive.cn/guideline/30891
2024 国际共识标准：儿童脓毒症和脓毒性休克,美国重症医学会,第三方数据库下载,https://guide.medlive.cn/guideline/30890
2024 BSH指南：新诊断大B细胞淋巴瘤的管理,英国血液病学学会,站内免费下载,https://guide.medlive.cn/guideline/30881
2024 BSH指南：成人再生障碍性贫血的诊断和管理,英国血液病学学会,第三方数据库下载,https://guide.medlive.cn/guideline/30880
显微腰椎间盘切除术临床技术指南,中国医师协会骨科医师分会,站内免费下载,https://guide.medlive.cn/guideline/31204
2023 ASTS共识声明：常温区域灌注,美国移植外科医师协会,第三方数据库下载,https://guide.medlive.cn/guideline/30896
基于中西医病证结合的射血分数保留的心力衰竭阳虚、阴虚、痰浊证候诊断专家共识,中国研究型医院学会,站内免费下载,https://guide.medlive.cn/guideline/30874
2023 SCCM指南：识别和应对ICU外的临床恶化,"美国重症医学会(SCCM,Society of Critical Care Medicine)",第三方数据库下载,https://guide.medlive.cn/guideline/30872
2024 SCCM指南：糖皮质激素在脓毒症、急性呼吸窘迫综合征和社区获得性肺炎中的应用（更新版）,美国重症医学会,有其他版本第三方数据库下载,https://guide.medlive.cn/guideline/30871
2024 SCCM指南：儿童和成人危重症患者的血糖控制,美国重症医学会,有其他版本第三方数据库下载,https://guide.medlive.cn/guideline/30870
2024 WSES/EANS共识建议：成人多发伤患者创伤性脊髓损伤的早期管理,世界急诊外科学会,站内免费下载,https://guide.medlive.cn/guideline/30878
NCCN临床实践指南：Castleman病（2024.V1）,美国国家综合癌症网络,站内免费下载,https://guide.medlive.cn/guideline/30869
NCCN临床实践指南：B细胞淋巴瘤（2024.V1）,美国国家综合癌症网络,有其他版本站内免费下载,https://guide.medlive.cn/guideline/30868
成人急性肝损伤诊疗急诊专家共识,中国医师协会急诊医师分会,站内免费下载,https://guide.medlive.cn/guideline/30866
2024 ERAS-C/STS共识声明：心脏外科围手术期护理,心脏手术后促进康复学会,站内免费下载,https://guide.medlive.cn/guideline/30934
剖宫产手术专家共识（2023）,国家产科专业医疗质量控制中心,有其他版本会员可通过APP阅读,https://guide.medlive.cn/guideline/30863
子宫内膜癌多学科团队协作诊疗临床实践中国专家共识,中国医师协会妇产科医师分会,会员可通过APP阅读,https://guide.medlive.cn/guideline/30860
中国成人风湿免疫性疾病患者疫苗接种专家共识（2023版）,中国疫苗行业协会免疫规划规范化管理与实践分会,会员可通过APP阅读,https://guide.medlive.cn/guideline/30854
闭经诊断与治疗指南（2023版）,中华医学会妇产科学分会,有其他版本会员可通过APP阅读,https://guide.medlive.cn/guideline/30850
钠-葡萄糖共转运蛋白2抑制剂联合胰岛素治疗2型糖尿病中国专家共识（2023版）,中国内分泌相关专家小组（统称）,会员可通过APP阅读,https://guide.medlive.cn/guideline/30851
社区医疗机构糖尿病视网膜病变筛查工作流程与管理规范的专家共识（2023版）,中国研究型医院学会,会员可通过APP阅读,https://guide.medlive.cn/guideline/30852
NCCN临床实践指南：卵巢癌包括输卵管癌和原发性腹膜癌（2024.V1）,美国国家综合癌症网络,有其他版本站内免费下载,https://guide.medlive.cn/guideline/30858
2024 法国临床实践指南：盆腔器官脱垂手术后并发症的诊断和管理,法国国家卫生管理局,站内免费下载,https://guide.medlive.cn/guideline/30936
2024 欧洲睡眠外科专家共识声明：打鼾和阻塞性睡眠呼吸暂停—第1部分：定义和诊断,国外耳鼻喉相关专家组（统称）,站内免费下载,https://guide.medlive.cn/guideline/30895
2024 BFS实践建议：子宫内膜异位症患者辅助生育的管理,英国生育学会,站内免费下载,https://guide.medlive.cn/guideline/30844
2024更新—2018 NICE指南：早期和局部晚期乳腺癌的诊断和管理（NG.101）,英国国家卫生与临床优化研究所 ,有其他版本第三方数据库下载,https://guide.medlive.cn/guideline/30838
恙虫病临床诊疗专家共识,中国微生物学会人兽共患病病原专业委员会,站内免费下载,https://guide.medlive.cn/guideline/31118
中国膝骨关节炎康复治疗指南（2023 版）,中华医学会物理医学与康复学会,站内免费下载,https://guide.medlive.cn/guideline/30849
小干扰RNA降脂药物药学专家共识,国家老年医学中心,站内免费下载,https://guide.medlive.cn/guideline/30886
中国成人暴发性心肌炎诊断和治疗指南,中华医学会心血管病学分会,有其他版本会员可通过APP阅读,https://guide.medlive.cn/guideline/30840
2024 拉丁美洲共识：胃食管反流病的诊断,国外消化科相关专家小组（统称）,有其他版本站内免费下载,https://guide.medlive.cn/guideline/30845
2024 KSLM临床实践指南：血液循环肿瘤DNA检测,韩国检验医学学会,站内免费下载,https://guide.medlive.cn/guideline/30837
碘对比剂全程化药学服务共识,中国医药教育协会,站内免费下载,https://guide.medlive.cn/guideline/30833
2024 共识指南：难治性焦虑症的定义,国外精神科相关专家小组（统称）,第三方数据库下载,https://guide.medlive.cn/guideline/30827
2024 SCMR专家共识声明：心脏植入式电子装置患者的心血管磁共振检查,美国心血管核磁共振成像协会,第三方数据库下载,https://guide.medlive.cn/guideline/30835
2023 MASCC/ESMO指南：化疗和放疗引起的恶心和呕吐的预防（更新版）,癌症支持疗法多国学会,有其他版本站内免费下载,https://guide.medlive.cn/guideline/31165
2024 SGO临床实践声明：卵巢癌的胚系和体细胞检测,美国妇科肿瘤学会,站内免费下载,https://guide.medlive.cn/guideline/30847
2024意大利意见书：胃、十二指肠和直肠神经内分泌肿瘤（NETs）的内镜管理,意大利胃肠病学和胃肠内镜学会,站内免费下载,https://guide.medlive.cn/guideline/30830
2021 AHA科学声明：成人高血压患者直立性低血压,美国心脏协会,第三方数据库下载,https://guide.medlive.cn/guideline/30813
2023 EULAR建议：髋关节和膝关节骨关节炎的非药物核心管理（更新版）,欧洲抗风湿病联盟,有其他版本站内免费下载,https://guide.medlive.cn/guideline/30821
妊娠合并泌尿系结石诊断治疗中国专家共识,中华医学会泌尿外科学分会,站内免费下载,https://guide.medlive.cn/guideline/30809
2023 TSANZ立场声明：特发性肺纤维化和进行性肺纤维化的治疗,澳大利亚和新西兰胸科学会,有其他版本站内免费下载,https://guide.medlive.cn/guideline/30828
2024 EACVI科学声明：女性心血管多模式成像,欧洲协会心血管影像协会,第三方数据库下载,https://guide.medlive.cn/guideline/31003
人干扰素α1b治疗黑色素瘤专家共识（2024版）,中国中西医结合学会皮肤性病专业委员会,会员可通过APP阅读,https://guide.medlive.cn/guideline/30843
2024 拉丁美洲共识：转移性/局部晚期尿路上皮癌患者的评估和治疗,国外肿瘤科相关专家小组（统称）,第三方数据库下载,https://guide.medlive.cn/guideline/30918
2024 法国临床实践建议：人乳头瘤病毒相关癌前肛门病变的筛查,国外肿瘤科相关专家小组（统称）,站内免费下载,https://guide.medlive.cn/guideline/30803
儿童呼吸道合胞病毒感染临床诊治中国专家共识（2023年版）,国家儿童健康与疾病临床医学研究中心,有其他版本站内免费下载,https://guide.medlive.cn/guideline/30799
儿童青少年近视中西医结合诊疗指南,中国中西医结合学会,会员可通过APP阅读,https://guide.medlive.cn/guideline/30810
多发性硬化诊断与治疗中国指南（2023版）,中华医学会神经病学分会神经免疫学组,有其他版本会员可通过APP阅读,https://guide.medlive.cn/guideline/30808
2024 KAAACI指南：舌下免疫治疗,韩国变应性反应与临床免疫学会,站内免费下载,https://guide.medlive.cn/guideline/30902
清宣止咳颗粒治疗儿童感冒、支气管炎临床应用专家共识,中国儿科相关医学专家组（统称）,站内免费下载,https://guide.medlive.cn/guideline/30785
2024 BIHS立场声明：成人高血压转诊路径及治疗管理,英国和爱尔兰高血压学会,站内免费下载,https://guide.medlive.cn/guideline/30832
脑小血管病MRI规范化应用专家共识,中华医学会放射学分会,会员可通过APP阅读,https://guide.medlive.cn/guideline/30779
2024 CAR指南：头颈部影像学转诊,加拿大放射科医师协会,站内免费下载,https://guide.medlive.cn/guideline/30778
2023共识建议：多发性硬化的诊断和治疗,国外神经内科相关专家小组（统称）,有其他版本站内免费下载,https://guide.medlive.cn/guideline/30883
2023 HiHASC共识指南：成人疑似噬血细胞性淋巴组织增生症的诊断和调查,HLH跨专业协作组织,站内免费下载,https://guide.medlive.cn/guideline/30894
2023 KAUTII指南：性传播感染的治疗——生殖支原体,韩国泌尿生殖道感染与炎症协会,有其他版本站内免费下载,https://guide.medlive.cn/guideline/30801
2023 KAUTII指南：淋球菌感染,韩国泌尿生殖道感染与炎症协会,站内免费下载,https://guide.medlive.cn/guideline/30800
2024 CAR指南：胃肠道影像学转诊,加拿大放射科医师协会,站内免费下载,https://guide.medlive.cn/guideline/30777
2024 专家共识：使用全身糖皮质激素治疗嗜酸性粒细胞相关疾病,国外风湿免疫科相关专家小组,站内免费下载,https://guide.medlive.cn/guideline/30885
2024 ISRS实践指南：原发性肾细胞癌的立体定向放射治疗,国际立体定向放射治疗学会,站内免费下载,https://guide.medlive.cn/guideline/30820
2024 KSGO共识声明：子宫内膜癌,韩国妇科肿瘤学会,有其他版本站内免费下载,https://guide.medlive.cn/guideline/30826
2024 ESOT共识声明：无创诊断肾移植排斥反应的检测方法,欧洲器官移植学会,站内免费下载,https://guide.medlive.cn/guideline/30873
2023 EAU/ESPU指南：儿童膀胱输尿管反流（更新概要）,欧洲泌尿外科学会,有其他版本站内免费下载,https://guide.medlive.cn/guideline/30760
甲氨蝶呤皮下注射治疗银屑病专家指导意见,中华医学会皮肤性病学分会,站内免费下载,https://guide.medlive.cn/guideline/30755
皮肤超声质量控制专家共识（2023）,国家皮肤与性传播疾病专业质控中心,站内免费下载,https://guide.medlive.cn/guideline/30754
2024 专家建议：遗传性转甲状腺素蛋白淀粉样变性合并多发性神经病的诊断和治疗,国外神经内科相关专家小组（统称）,站内免费下载,https://guide.medlive.cn/guideline/30750
2024 AEPC实践建议：儿童癌症幸存者心脏疾病的监测和预防—体育活动和生活方式改变的重要性,欧洲儿科心脏病学协会,站内免费下载,https://guide.medlive.cn/guideline/30749
2024 BAD临床实践指南：新生儿大疱性表皮松解症,英国皮肤科医师协会,站内免费下载,https://guide.medlive.cn/guideline/31199
2024 ESES共识建议：晚期肾上腺恶性疾病的手术治疗,欧洲内分泌外科学会,站内免费下载,https://guide.medlive.cn/guideline/30911
2024 EBMT共识建议：血液恶性肿瘤干细胞移植治疗后移植物抗宿主病的预防和管理（更新版）,欧洲血液和骨髓移植学会,有其他版本站内免费下载,https://guide.medlive.cn/guideline/30901
2024 ASE/SCMR/SCCT指南：心血管影像学检查评估人工瓣膜功能,美国超声心动图学会,站内免费下载,https://guide.medlive.cn/guideline/30762
2024 专家建议：局部止血剂在神经脊柱手术中的各种出血部位和情况下的应用,国外神经外科相关专家小组（统称）,站内免费下载,https://guide.medlive.cn/guideline/30766
2023 ACG临床指南：酒精相关性肝病,美国胃肠病学会,有其他版本第三方数据库下载,https://guide.medlive.cn/guideline/30744
2024 KDIGO临床实践指南：狼疮肾炎的管理,改善全球肾脏病预后组织,有其他版本站内免费下载,https://guide.medlive.cn/guideline/30741
2024 ISUOG实践指南：妊娠晚期产科超声扫描的表现,国际妇产科超声学会,站内免费下载,https://guide.medlive.cn/guideline/30730
新型抗肿瘤药物临床应用指导原则 （2023年版）,中华人民共和国国家卫生健康委员会,有其他版本站内免费下载,https://guide.medlive.cn/guideline/30791
2024 国际共识：移植后糖尿病,国外器官移植相关专家组（统称）,站内免费下载,https://guide.medlive.cn/guideline/30839
抗结核药物所致QTc间期延长临床监测和管理专家共识,中国防痨协会,站内免费下载,https://guide.medlive.cn/guideline/30748
2024 ASO实践指南：胃肠道（中肠）神经内分泌肿瘤的外科治疗,美国肿瘤外科协会,站内免费下载,https://guide.medlive.cn/guideline/30743
松龄血脉康胶囊治疗原发性高血压临床应用专家共识,中华中医药学会,站内免费下载,https://guide.medlive.cn/guideline/30752
2024 欧洲专家共识声明：斑秃的系统治疗,欧洲皮肤病与性病学会,站内免费下载,https://guide.medlive.cn/guideline/30788
